[
{"empID" : 101, "empName" : "Prerak", "empSalary" : 50000, "empDept" : "CSE"},
{"empID" : 102, "empName" : "Shubham", "empSalary" : 60000, "empDept" : "CSE"},
{"empID" : 103, "empName" : "Shivam", "empSalary" : 45020, "empDept" : "CSE"},
{"empID" : 104, "empName" : "Shivani", "empSalary" : 40500, "empDept" : "CSE"},
{"empID" : 105, "empName" : "Ashish", "empSalary" : 70100, "empDept" : "CSE"},
{"empID" : 106, "empName" : "Rajat", "empSalary" : 80300, "empDept" : "CSE"},
{"empID" : 201, "empName" : "Sahil", "empSalary" : 30000, "empDept" : "Mech"},
{"empID" : 202, "empName" : "Deepanshu", "empSalary" : 80000, "empDept" : "Mech"},
{"empID" : 203, "empName" : "Anant", "empSalary" : 90000, "empDept" : "Mech"},
{"empID" : 204, "empName" : "Sudanshu", "empSalary" : 10000, "empDept" : "Mech"},
{"empID" : 205, "empName" : "Pooja", "empSalary" : 5000, "empDept" : "Mech"},
{"empID" : 301, "empName" : "Nishant", "empSalary" : 40000, "empDept" : "Civil"},
{"empID" : 302, "empName" : "Praveen", "empSalary" : 60000, "empDept" : "Civil"}
]